{"cameraMode":{"drawMode":0,"name":"Shaded","section":"Shading Mode"},"sceneLighting":false,"audioPlay":false,"sceneViewState":{"m_AlwaysRefresh":false,"showFog":true,"showSkybox":false,"showFlares":true,"showImageEffects":true,"showParticleSystems":true,"showVisualEffectGraphs":true,"m_FxEnabled":true},"in2DMode":false,"pivot":{"x":0.05000000074505806,"y":0.05000000074505806,"z":0.550000011920929},"rotation":{"x":-0.08835915476083756,"y":0.3927396833896637,"z":-0.03794104605913162,"w":-0.9146118760108948},"size":0.061237234622240069,"orthographic":false}