{"cameraMode":{"drawMode":0,"name":"Shaded","section":"Shading Mode"},"sceneLighting":false,"audioPlay":false,"sceneViewState":{"m_AlwaysRefresh":false,"showFog":true,"showSkybox":false,"showFlares":true,"showImageEffects":true,"showParticleSystems":true,"showVisualEffectGraphs":true,"m_FxEnabled":true},"in2DMode":false,"pivot":{"x":0.05000000074505806,"y":0.05000000074505806,"z":0.550000011920929},"rotation":{"x":0.17354834079742433,"y":0.4080444574356079,"z":-0.07935146242380142,"w":0.8928276300430298},"size":0.061237234622240069,"orthographic":true}