{"cameraMode":{"drawMode":0,"name":"Shaded","section":"Shading Mode"},"sceneLighting":false,"audioPlay":false,"sceneViewState":{"m_AlwaysRefresh":false,"showFog":true,"showSkybox":false,"showFlares":true,"showImageEffects":true,"showParticleSystems":true,"showVisualEffectGraphs":true,"m_FxEnabled":true},"in2DMode":false,"pivot":{"x":0.05000000074505806,"y":0.05000000074505806,"z":0.550000011920929},"rotation":{"x":0.18729843199253083,"y":-0.2768835127353668,"z":0.055117275565862659,"w":0.9408679604530335},"size":0.061237234622240069,"orthographic":true}