{"cameraMode":{"drawMode":0,"name":"Shaded","section":"Shading Mode"},"sceneLighting":true,"audioPlay":false,"sceneViewState":{"m_AlwaysRefresh":false,"showFog":true,"showSkybox":true,"showFlares":true,"showImageEffects":true,"showParticleSystems":true,"showVisualEffectGraphs":true,"m_FxEnabled":true},"in2DMode":false,"pivot":{"x":0.0060197412967681889,"y":-0.05598750710487366,"z":0.011399317532777787},"rotation":{"x":0.16203686594963075,"y":-0.44780731201171877,"z":0.08284402638673783,"w":0.8754469752311707},"size":0.3629690408706665,"orthographic":true}